time,open,high,low,close,volume
2020-12-15 20:00:00,125.87,125.87,125.87,125.87,1000
2020-12-15 19:15:00,125.95,125.95,125.92,125.92,1591
2020-12-15 18:30:00,125.99,125.99,125.99,125.99,250
2020-12-15 17:45:00,125.98,125.98,125.68,125.98,2494
2020-12-15 17:00:00,125.93,125.98,125.93,125.98,4250
2020-12-15 16:45:00,125.93,125.93,125.89,125.89,622
2020-12-15 16:30:00,125.98,125.98,125.91,125.91,3190
2020-12-15 16:15:00,125.93,125.99,125.7,125.93,122754
2020-12-15 16:00:00,125.6589,125.93,125.51,125.93,394087
2020-12-15 15:45:00,125.535,125.75,125.535,125.66,174095
2020-12-15 15:30:00,125.78,125.87,125.52,125.54,161684
2020-12-15 15:15:00,125.515,125.8,125.505,125.78,156781
2020-12-15 15:00:00,125.71,125.75,125.5,125.52,101483
2020-12-15 14:45:00,125.54,125.73,125.5,125.7,127662
2020-12-15 14:30:00,125.67,125.72,125.51,125.52,97505
2020-12-15 14:15:00,125.5,125.71,125.435,125.6599,124264
2020-12-15 14:00:00,125.32,125.57,125.31,125.49,144143
2020-12-15 13:45:00,125.3,125.416,125.2945,125.3278,110093
2020-12-15 13:30:00,125.365,125.4572,125.24,125.27,136677
2020-12-15 13:15:00,125.21,125.41,125.12,125.35,94740
2020-12-15 13:00:00,124.81,125.19,124.79,125.19,127414
2020-12-15 12:45:00,124.63,124.82,124.57,124.8,66970
2020-12-15 12:30:00,124.5501,124.67,124.38,124.6432,59197
2020-12-15 12:15:00,124.4,124.6,124.3296,124.55,84637
2020-12-15 12:00:00,124.4018,124.5,124.27,124.41,63140
2020-12-15 11:45:00,124.19,124.41,124.1053,124.41,74130
2020-12-15 11:30:00,124.32,124.325,124.1,124.2,75663
2020-12-15 11:15:00,123.98,124.34,123.8,124.34,117011
2020-12-15 11:00:00,123.6,124.01,123.6,123.99,63044
2020-12-15 10:45:00,123.71,123.78,123.44,123.59,106505
2020-12-15 10:30:00,123.96,124.1922,123.7,123.73,132898
2020-12-15 10:15:00,123.78,124.1,123.62,123.99,97180
2020-12-15 10:00:00,124.35,124.35,123.68,123.76,98149
2020-12-15 09:45:00,124.39,124.52,123.95,124.38,265240
2020-12-15 09:15:00,124.15,124.15,124.15,124.15,184
2020-12-15 09:00:00,124.5,124.5,124.4,124.4,626
2020-12-15 08:30:00,124.5,124.5,124.5,124.5,1059
2020-12-14 18:30:00,123.75,123.75,123.6,123.6,694
2020-12-14 17:15:00,123.76,123.76,123.57,123.57,701
2020-12-14 17:00:00,123.74,123.76,123.74,123.76,311
2020-12-14 16:45:00,123.53,123.53,123.53,123.53,5848
2020-12-14 16:30:00,123.5424,123.5424,123.5424,123.5424,903
2020-12-14 16:15:00,123.53,125.095,123.53,123.97,260242
2020-12-14 16:00:00,123.85,124.05,123.47,123.53,435346
2020-12-14 15:45:00,124.15,124.15,123.84,123.8511,186004
2020-12-14 15:30:00,124.41,124.45,124.12,124.15,152231
2020-12-14 15:15:00,124.4,124.46,124.29,124.419,130471
2020-12-14 15:00:00,124.56,124.56,124.385,124.385,112043
2020-12-14 14:45:00,124.48,124.57,124.3,124.54,97771
2020-12-14 14:30:00,124.49,124.68,124.45,124.48,104042
2020-12-14 14:15:00,124.69,124.79,124.4574,124.47,89403
2020-12-14 14:00:00,124.9,124.93,124.65,124.68,79566
2020-12-14 13:45:00,124.8,125.0,124.784,124.91,57521
2020-12-14 13:30:00,124.9,124.93,124.79,124.79,86349
2020-12-14 13:15:00,125.01,125.1,124.75,124.936,70500
2020-12-14 13:00:00,125.05,125.09,124.82,124.98,78989
2020-12-14 12:45:00,125.32,125.32,125.05,125.068,82201
2020-12-14 12:30:00,125.26,125.36,125.08,125.32,59495
2020-12-14 12:15:00,125.255,125.3431,125.13,125.2601,53190
2020-12-14 12:00:00,125.34,125.4,125.22,125.2531,72362
2020-12-14 11:45:00,125.47,125.51,125.16,125.3299,76985
2020-12-14 11:30:00,125.775,125.82,125.37,125.4268,77509
2020-12-14 11:15:00,125.765,126.0,125.68,125.77,81741
2020-12-14 11:00:00,126.05,126.09,125.7191,125.78,131897
2020-12-14 10:45:00,126.09,126.24,125.92,126.02,116780
2020-12-14 10:30:00,125.925,126.17,125.6811,126.11,110345
2020-12-14 10:15:00,125.7,126.2435,125.7,125.93,147469
2020-12-14 10:00:00,125.705,125.78,125.35,125.66,118834
2020-12-14 09:45:00,125.32,125.82,124.96,125.72,297151
2020-12-14 09:30:00,125.01,125.26,125.01,125.26,1389
2020-12-14 09:15:00,124.93,124.93,124.93,124.93,509
2020-12-14 09:00:00,124.93,124.93,124.93,124.93,1425
2020-12-14 08:45:00,124.84,124.84,124.7,124.7,2257
2020-12-14 08:30:00,124.83,124.83,124.82,124.82,1200
2020-12-14 08:15:00,125.0,125.01,124.84,124.84,1060
2020-12-14 07:30:00,124.9,124.9,124.9,124.9,249
2020-12-14 07:15:00,124.98,125.0,124.8,124.9,2249
2020-12-11 19:45:00,124.15,124.15,124.15,124.15,200
2020-12-11 17:45:00,124.15,124.16,124.15,124.16,312
2020-12-11 17:30:00,124.29,124.29,124.28,124.28,1095
2020-12-11 16:30:00,124.2824,124.2824,124.27,124.27,5898
2020-12-11 16:15:00,124.27,124.35,124.27,124.35,118200
2020-12-11 16:00:00,124.79,124.81,124.24,124.27,433907
2020-12-11 15:45:00,124.82,124.89,124.72,124.785,114214
2020-12-11 15:30:00,124.9,125.12,124.8032,124.815,115295
2020-12-11 15:15:00,124.84,124.9,124.76,124.89,76794
2020-12-11 15:00:00,125.05,125.11,124.83,124.83,69706
2020-12-11 14:45:00,124.92,125.1,124.9148,125.05,72450
2020-12-11 14:30:00,124.97,125.08,124.81,124.92,63803
2020-12-11 14:15:00,125.0601,125.1,124.9,124.97,58546
2020-12-11 14:00:00,124.813,125.18,124.74,125.07,100348
2020-12-11 13:45:00,124.89,125.0,124.8,124.83,76401
2020-12-11 13:30:00,124.777,124.89,124.65,124.85,64136
2020-12-11 13:15:00,124.8134,124.87,124.59,124.777,61048
2020-12-11 13:00:00,124.77,124.9,124.6616,124.82,63560
2020-12-11 12:45:00,124.635,124.84,124.485,124.75,79365
2020-12-11 12:30:00,124.535,124.69,124.3301,124.66,65167
2020-12-11 12:15:00,124.73,124.76,124.51,124.535,78718
2020-12-11 12:00:00,124.61,124.79,124.57,124.71,118659
2020-12-11 11:45:00,124.74,124.865,124.55,124.64,109920
2020-12-11 11:30:00,125.24,125.3,124.75,124.75,100530
2020-12-11 11:15:00,125.16,125.271,124.95,125.255,135805
2020-12-11 11:00:00,125.3,125.51,125.16,125.16,165033
2020-12-11 10:45:00,124.76,125.33,124.7405,125.3,252124
2020-12-11 10:30:00,123.955,124.7759,123.95,124.735,258720
2020-12-11 10:15:00,124.1,124.38,123.9,123.97,133397
2020-12-11 10:00:00,124.19,124.305,123.61,124.09,167009
2020-12-11 09:45:00,124.08,124.59,123.96,124.12,344214
2020-12-11 09:30:00,124.0317,124.6,124.03,124.19,4503
2020-12-11 09:15:00,123.9,124.03,123.9,124.03,970
2020-12-11 09:00:00,124.0,124.0,123.9,123.9,368
2020-12-11 08:45:00,123.85,124.13,123.85,123.9,1153
2020-12-11 08:30:00,124.0201,124.0201,124.02,124.02,420
2020-12-11 08:15:00,124.0001,124.49,123.76,124.02,2324
2020-12-11 07:45:00,123.77,123.77,123.77,123.77,209
2020-12-11 07:30:00,123.99,124.2,123.91,123.91,522
2020-12-11 07:15:00,124.21,124.21,123.95,123.95,2562
2020-12-11 06:30:00,124.05,124.05,124.05,124.05,322
2020-12-11 06:00:00,124.35,124.35,124.35,124.35,475
2020-12-11 05:45:00,124.51,124.51,124.51,124.51,605
2020-12-11 04:15:00,124.62,124.62,124.62,124.62,400
2020-12-10 20:00:00,125.2,125.2,125.03,125.05,4210
2020-12-10 19:30:00,125.19,125.3,125.19,125.3,410
2020-12-10 19:00:00,125.01,125.01,125.0,125.0,375
2020-12-10 18:45:00,125.1,125.1,125.1,125.1,100
2020-12-10 18:00:00,124.93,125.02,124.93,125.02,752
2020-12-10 17:45:00,124.93,124.93,124.93,124.93,1505
2020-12-10 17:30:00,124.92,124.93,124.92,124.93,599
2020-12-10 17:00:00,124.92,124.93,124.92,124.93,1186
2020-12-10 16:45:00,124.92,124.93,124.92,124.93,731
2020-12-10 16:30:00,124.9725,124.9725,124.9725,124.9725,1631
2020-12-10 16:15:00,124.96,124.98,124.86,124.96,145993
2020-12-10 16:00:00,125.3,125.575,124.95,124.96,548000
2020-12-10 15:45:00,125.44,125.56,125.285,125.3011,150579
2020-12-10 15:30:00,125.255,125.51,125.22,125.41,125306
2020-12-10 15:15:00,125.2,125.35,125.18,125.25,108634
2020-12-10 15:00:00,125.18,125.5,125.07,125.2099,334761
2020-12-10 14:45:00,125.03,125.32,125.03,125.19,91244
2020-12-10 14:30:00,125.04,125.11,124.94,125.04,138987
2020-12-10 14:15:00,125.29,125.36,125.03,125.045,112198
2020-12-10 14:00:00,125.5,125.52,125.29,125.29,90535
2020-12-10 13:45:00,125.5,125.6038,125.39,125.51,70746
2020-12-10 13:30:00,125.56,125.6,125.45,125.4822,91501
2020-12-10 13:15:00,125.48,125.6,125.41,125.525,82558
2020-12-10 13:00:00,125.5,125.6,125.43,125.49,100758
2020-12-10 12:45:00,125.72,125.88,125.45,125.51,101105
2020-12-10 12:30:00,125.8893,125.92,125.64,125.7381,114883
2020-12-10 12:15:00,125.93,125.97,125.8,125.872,99454
2020-12-10 12:00:00,126.17,126.18,125.79,125.93,96487
2020-12-10 11:45:00,126.2808,126.31,126.04,126.18,181880
2020-12-10 11:30:00,126.21,126.4378,126.18,126.31,119945
2020-12-10 11:15:00,126.56,126.64,126.07,126.2,132862
2020-12-10 11:00:00,126.14,126.62,126.12,126.55,92959
2020-12-10 10:45:00,126.03,126.215,125.93,126.1655,104190
2020-12-10 10:30:00,126.03,126.07,125.75,126.03,113887
2020-12-10 10:15:00,126.4801,126.55,125.84,126.01,162326
2020-12-10 10:00:00,126.23,126.6037,125.96,126.49,205533
2020-12-10 09:45:00,126.35,126.93,125.8,126.19,558260
2020-12-10 09:15:00,126.49,126.5,126.18,126.25,925
2020-12-10 09:00:00,126.6,126.8,126.45,126.45,2413
2020-12-10 08:45:00,126.52,126.52,126.34,126.34,253
2020-12-10 08:30:00,126.43,126.43,126.43,126.43,100
2020-12-10 08:15:00,126.2803,126.2803,126.2803,126.2803,183
2020-12-10 07:45:00,126.71,126.71,126.7,126.7,908
2020-12-10 07:30:00,126.54,126.54,126.54,126.54,999
2020-12-10 07:15:00,126.55,126.55,126.12,126.54,1760
2020-12-09 20:00:00,126.86,126.86,126.86,126.86,101
2020-12-09 18:45:00,126.86,126.86,126.86,126.86,202
2020-12-09 18:15:00,126.85,126.85,126.85,126.85,214
2020-12-09 17:30:00,126.79,126.79,126.79,126.79,286
2020-12-09 17:00:00,126.79,126.79,126.79,126.79,100
2020-12-09 16:45:00,126.6,126.6,126.6,126.6,206
2020-12-09 16:30:00,126.79,126.79,126.6,126.6,600
2020-12-09 16:15:00,126.79,126.79,126.61,126.7773,240960
2020-12-09 16:00:00,126.61,126.9165,126.48,126.8,508761
2020-12-09 15:45:00,126.295,126.66,126.27,126.61,232074
2020-12-09 15:30:00,126.43,126.485,126.155,126.295,202775
2020-12-09 15:15:00,126.29,126.52,126.2015,126.44,133887
2020-12-09 15:00:00,126.03,126.32,126.01,126.29,116862
2020-12-09 14:45:00,126.36,126.36,125.92,126.02,150827
2020-12-09 14:30:00,125.9852,126.3878,125.9,126.3794,115735
2020-12-09 14:15:00,125.91,126.22,125.91,126.0,123656
2020-12-09 14:00:00,126.15,126.2,125.7,125.91,119242
2020-12-09 13:45:00,125.98,126.19,125.8614,126.1288,105819
2020-12-09 13:30:00,126.16,126.175,125.87,125.98,80005
2020-12-09 13:15:00,126.32,126.32,125.98,126.14,69638
2020-12-09 13:00:00,126.34,126.44,126.13,126.33,108473
2020-12-09 12:45:00,126.09,126.47,125.98,126.35,422051
2020-12-09 12:30:00,125.8846,126.15,125.79,126.12,128578
2020-12-09 12:15:00,125.84,125.95,125.75,125.87,231574
2020-12-09 12:00:00,125.905,125.95,125.7,125.83,118286
2020-12-09 11:45:00,126.03,126.03,125.78,125.91,136653
2020-12-09 11:30:00,126.38,126.39,125.93,126.04,137941
2020-12-09 11:15:00,126.29,126.44,126.07,126.39,98359
2020-12-09 11:00:00,126.48,126.53,126.2,126.29,158872
2020-12-09 10:45:00,126.68,126.71,126.4,126.4608,194505
2020-12-09 10:30:00,127.2916,127.69,126.615,126.67,188583
2020-12-09 10:15:00,127.485,127.57,127.1301,127.29,649505
2020-12-09 10:00:00,127.12,127.595,126.8,127.49,199802
2020-12-09 09:45:00,125.8,127.21,125.8,127.12,402488
2020-12-09 09:30:00,126.16,126.16,125.75,125.75,3864
2020-12-09 09:15:00,126.15,126.24,126.15,126.24,1143
2020-12-09 09:00:00,126.21,126.21,125.71,126.15,227158
2020-12-09 08:45:00,126.25,126.25,126.21,126.21,873
2020-12-09 08:30:00,126.24,126.24,126.24,126.24,162
2020-12-09 08:15:00,125.71,126.25,125.71,126.25,1612
2020-12-09 07:15:00,126.42,126.5,126.39,126.5,891
2020-12-08 18:30:00,125.9,125.9,125.9,125.9,175
2020-12-08 18:15:00,125.9,125.9,125.9,125.9,200
2020-12-08 18:00:00,125.88,125.89,125.8,125.8,602
2020-12-08 17:45:00,125.7,125.84,125.7,125.8,613
2020-12-08 17:15:00,125.42,125.42,125.42,125.42,200
2020-12-08 16:15:00,125.71,125.71,125.6974,125.71,633738
2020-12-08 16:00:00,125.49,125.72,125.36,125.71,391984
2020-12-08 15:45:00,125.84,125.8855,125.49,125.49,158309
2020-12-08 15:30:00,125.745,125.905,125.67,125.845,113760
2020-12-08 15:15:00,125.82,125.855,125.665,125.74,105249
2020-12-08 15:00:00,125.77,125.88,125.74,125.81,73042
2020-12-08 14:45:00,125.83,125.92,125.745,125.7651,112312
2020-12-08 14:30:00,125.93,126.02,125.84,125.84,125892
2020-12-08 14:15:00,126.02,126.02,125.775,125.935,96374
2020-12-08 14:00:00,126.03,126.05,125.917,126.03,116971
2020-12-08 13:45:00,125.9633,126.08,125.935,126.04,84741
2020-12-08 13:30:00,125.96,126.0006,125.83,125.9624,68871
2020-12-08 13:15:00,126.23,126.23,125.94,125.95,97701
2020-12-08 13:00:00,126.1318,126.29,126.06,126.225,110866
2020-12-08 12:45:00,126.2139,126.24,126.01,126.12,72672
2020-12-08 12:30:00,126.17,126.33,126.14,126.22,110548
2020-12-08 12:15:00,125.81,126.32,125.79,126.17,155031
2020-12-08 12:00:00,125.84,125.96,125.72,125.81,118031
2020-12-08 11:45:00,125.89,126.01,125.7948,125.8458,101781
2020-12-08 11:30:00,125.885,126.04,125.7645,125.85,127364
2020-12-08 11:15:00,125.81,126.2,125.81,125.89,219061
2020-12-08 11:00:00,125.69,125.84,125.55,125.8,98931
2020-12-08 10:45:00,125.79,125.925,125.63,125.7056,98645
2020-12-08 10:30:00,125.515,125.8,125.43,125.75,219297
2020-12-08 10:15:00,125.74,125.8,125.23,125.52,127923
2020-12-08 10:00:00,125.83,125.86,125.45,125.73,189875
2020-12-08 09:45:00,125.32,125.92,124.64,125.881,558130
2020-12-08 09:30:00,124.49,125.2,124.49,125.2,5479
2020-12-08 09:15:00,124.5,124.5,124.02,124.25,13356
2020-12-08 09:00:00,124.5,124.5,124.45,124.45,800
2020-12-08 08:15:00,124.41,124.7,124.3,124.3,2128
2020-12-08 08:00:00,124.4,124.4,124.4,124.4,150
2020-12-08 07:00:00,124.52,124.52,124.41,124.41,430
2020-12-08 04:15:00,124.87,124.87,124.87,124.87,200
2020-12-07 20:00:00,124.75,124.75,124.75,124.75,152
2020-12-07 19:30:00,124.61,125.08,124.61,125.08,1107
2020-12-07 19:15:00,124.7,124.7,124.65,124.66,1533
2020-12-07 19:00:00,124.71,125.0,124.7,125.0,1561
2020-12-07 18:00:00,124.7,124.7,124.7,124.7,255
2020-12-07 17:45:00,124.66,124.66,124.65,124.65,1000
2020-12-07 17:30:00,124.65,124.65,124.65,124.65,201
2020-12-07 17:15:00,124.99,124.99,124.99,124.99,19433
2020-12-07 17:00:00,124.7,124.7,124.57,124.57,4455
2020-12-07 16:45:00,124.72,124.95,124.7,124.7,1983
2020-12-07 16:30:00,124.72,124.72,124.72,124.72,444
2020-12-07 16:15:00,124.7,125.0,124.65,124.7125,629569
2020-12-07 16:00:00,124.68,125.03,124.57,124.7,713544
2020-12-07 15:45:00,125.01,125.03,124.64,124.69,268414
2020-12-07 15:30:00,124.95,125.06,124.9,124.995,173974
2020-12-07 15:15:00,125.025,125.025,124.8782,124.945,139538
2020-12-07 15:00:00,125.0611,125.17,124.995,125.025,360921
2020-12-07 14:45:00,125.01,125.106,124.97,125.06,112354
2020-12-07 14:30:00,125.215,125.23,124.95,125.01,191468
2020-12-07 14:15:00,125.38,125.4373,125.2129,125.2129,117620
2020-12-07 14:00:00,125.381,125.5,125.32,125.38,113629
2020-12-07 13:45:00,125.57,125.61,125.34,125.38,109957
2020-12-07 13:30:00,125.4501,125.71,125.41,125.58,113435
2020-12-07 13:15:00,125.59,125.64,125.4678,125.47,94482
2020-12-07 13:00:00,125.785,125.83,125.57,125.61,98899
2020-12-07 12:45:00,125.81,125.84,125.68,125.785,83653
2020-12-07 12:30:00,125.87,126.01,125.76,125.79,103498
2020-12-07 12:15:00,125.985,126.05,125.875,125.88,119689
2020-12-07 12:00:00,126.16,126.25,125.87,125.99,127192
2020-12-07 11:45:00,126.26,126.34,126.0882,126.145,107167
2020-12-07 11:30:00,126.23,126.32,126.08,126.27,105590
2020-12-07 11:15:00,126.24,126.3655,126.09,126.203,105227
2020-12-07 11:00:00,126.5,126.58,126.17,126.245,127699
2020-12-07 10:45:00,126.33,126.765,126.28,126.56,115443
2020-12-07 10:30:00,126.46,126.61,126.28,126.34,115318
2020-12-07 10:15:00,126.39,126.53,126.04,126.45,178905
2020-12-07 10:00:00,126.04,126.39,125.85,126.39,159844
2020-12-07 09:45:00,126.49,126.97,125.43,126.0082,492014
2020-12-07 09:30:00,126.5,126.5,126.5,126.5,388
2020-12-07 09:15:00,126.48,126.73,126.46,126.5,1333
2020-12-07 08:45:00,126.5,126.5,126.14,126.3,730
2020-12-07 08:30:00,126.75,126.75,126.5,126.5,230
2020-12-07 08:15:00,126.673,126.673,126.673,126.673,684
2020-12-07 08:00:00,126.66,126.66,126.66,126.66,200
2020-12-07 07:45:00,126.67,126.68,126.66,126.66,674
2020-12-07 07:30:00,126.98,126.98,126.98,126.98,712
2020-12-07 07:15:00,126.85,127.0,126.85,127.0,1928
2020-12-07 05:45:00,126.81,126.81,126.81,126.81,200
2020-12-04 19:30:00,127.1,127.19,127.1,127.1,1201
2020-12-04 19:15:00,127.19,127.19,127.1,127.1,700
2020-12-04 17:30:00,127.18,127.19,127.05,127.05,700
2020-12-04 17:15:00,127.2,127.2,127.2,127.2,2979
2020-12-04 17:00:00,127.05,127.19,127.05,127.19,400
2020-12-04 16:15:00,127.2,127.2,127.1873,127.1873,192814
2020-12-04 16:00:00,127.18,127.22,127.01,127.17,496120
2020-12-04 15:45:00,127.04,127.19,126.99,127.185,199869
2020-12-04 15:30:00,127.01,127.1502,126.95,127.036,181217
2020-12-04 15:15:00,127.19,127.21,126.98,127.019,96088
2020-12-04 15:00:00,127.24,127.38,127.1578,127.17,151606
2020-12-04 14:45:00,127.06,127.24,126.995,127.24,159553
2020-12-04 14:30:00,126.75,127.1,126.74,127.065,187349
2020-12-04 14:15:00,126.83,126.92,126.61,126.7452,130518
2020-12-04 14:00:00,126.93,127.1,126.77,126.855,182282
2020-12-04 13:45:00,126.63,127.025,126.63,126.92,297450
2020-12-04 13:30:00,126.9183,127.05,126.62,126.63,285847
2020-12-04 13:15:00,126.155,126.95,126.15,126.92,451273
2020-12-04 13:00:00,126.0,126.2251,125.91,126.1698,242114
2020-12-04 12:45:00,125.82,126.09,125.82,125.99,162331
2020-12-04 12:30:00,125.688,125.815,125.5,125.81,110058
2020-12-04 12:15:00,125.6432,125.8,125.59,125.6796,93124
2020-12-04 12:00:00,125.67,125.7,125.38,125.6381,93619
2020-12-04 11:45:00,125.42,125.75,125.38,125.64,153724
2020-12-04 11:30:00,125.4,125.48,125.21,125.4101,127973
2020-12-04 11:15:00,125.25,125.46,125.21,125.4,107445
2020-12-04 11:00:00,125.36,125.42,125.19,125.26,114822
2020-12-04 10:45:00,125.105,125.35,124.98,125.35,149232
2020-12-04 10:30:00,124.64,125.12,124.58,125.115,169218
2020-12-04 10:15:00,124.35,124.74,124.34,124.63,111447
2020-12-04 10:00:00,124.73,124.81,124.35,124.39,151499
2020-12-04 09:45:00,123.97,124.8,123.64,124.7,314115
2020-12-04 09:30:00,123.95,124.18,123.94,124.18,2278
2020-12-04 09:00:00,124.0,124.18,124.0,124.18,772
2020-12-04 07:15:00,123.93,123.93,123.93,123.93,165
2020-12-03 18:45:00,123.71,123.71,123.71,123.71,266
2020-12-03 18:15:00,123.93,123.93,123.93,123.93,100
2020-12-03 17:30:00,124.16,124.16,124.16,124.16,2969
2020-12-03 17:00:00,123.61,123.61,123.61,123.61,1596
2020-12-03 16:45:00,124.0,124.0,123.61,123.63,7139
2020-12-03 16:30:00,124.0,124.01,124.0,124.0,2790
2020-12-03 16:15:00,123.61,124.0,123.61,124.0,171600
2020-12-03 16:00:00,123.455,123.88,123.3,123.6,418048
2020-12-03 15:45:00,124.11,124.11,123.29,123.46,238720
2020-12-03 15:30:00,124.34,124.34,124.08,124.1,196506
2020-12-03 15:15:00,124.16,124.34,124.02,124.34,143183
2020-12-03 15:00:00,124.21,124.28,124.135,124.18,159419
2020-12-03 14:45:00,124.22,124.28,124.18,124.205,94814
2020-12-03 14:30:00,124.16,124.27,124.1,124.23,119624
2020-12-03 14:15:00,124.05,124.2678,124.02,124.17,125573
2020-12-03 14:00:00,124.16,124.23,123.99,124.06,70999
2020-12-03 13:45:00,124.22,124.2451,123.99,124.17,102873
2020-12-03 13:30:00,124.28,124.33,124.16,124.25,59539
2020-12-03 13:15:00,124.71,124.75,124.2205,124.27,135437
2020-12-03 13:00:00,124.68,124.86,124.6356,124.7162,122270
2020-12-03 12:45:00,124.5122,124.82,124.47,124.695,90725
2020-12-03 12:30:00,124.38,124.6,124.345,124.5285,105199
2020-12-03 12:15:00,124.47,124.55,124.31,124.384,109321
2020-12-03 12:00:00,124.3964,124.585,124.36,124.48,141986
2020-12-03 11:45:00,124.59,124.6,124.25,124.39,109462
2020-12-03 11:30:00,124.5203,124.6599,124.37,124.5814,110220
2020-12-03 11:15:00,124.3,124.63,124.3,124.53,138526
2020-12-03 11:00:00,124.35,124.5,124.14,124.31,120667
2020-12-03 10:45:00,123.81,124.39,123.81,124.335,120360
2020-12-03 10:30:00,123.78,124.0,123.695,123.81,187769
2020-12-03 10:15:00,123.95,124.25,123.77,123.77,155931
2020-12-03 10:00:00,124.15,124.21,123.84,123.97,237473
2020-12-03 09:45:00,124.16,124.56,123.64,124.085,363329
2020-12-03 09:30:00,124.11,124.16,124.11,124.16,1402
2020-12-03 09:00:00,124.37,124.37,124.11,124.11,2504
2020-12-03 08:45:00,124.4,124.4,124.21,124.21,589
2020-12-03 08:15:00,124.5008,124.5008,124.069,124.069,409
2020-12-03 08:00:00,124.5,124.5,124.5,124.5,199
2020-12-03 07:30:00,124.5,124.5,124.5,124.5,107
2020-12-03 07:15:00,124.4,124.6,124.39,124.6,1040
2020-12-02 20:00:00,124.62,124.65,124.62,124.65,505
2020-12-02 19:45:00,124.5,124.5,124.5,124.5,200
2020-12-02 19:30:00,124.62,124.62,124.62,124.62,500
2020-12-02 19:15:00,124.62,124.62,124.62,124.62,100
2020-12-02 19:00:00,124.55,124.55,124.55,124.55,205
2020-12-02 18:00:00,124.55,124.55,124.55,124.55,102
2020-12-02 17:45:00,124.55,124.55,124.55,124.55,426
2020-12-02 16:30:00,124.69,124.69,124.69,124.69,500
2020-12-02 16:15:00,124.62,124.62,124.5,124.6075,71048
2020-12-02 16:00:00,124.45,124.64,124.26,124.63,456640
2020-12-02 15:45:00,124.21,124.45,124.195,124.45,173700
2020-12-02 15:30:00,123.995,124.21,123.995,124.21,169373
2020-12-02 15:15:00,124.01,124.13,123.94,124.0,76175
2020-12-02 15:00:00,124.02,124.14,123.99,124.0,92280
2020-12-02 14:45:00,124.01,124.12,123.97,124.04,71279
2020-12-02 14:30:00,123.7,124.02,123.67,124.02,83410
2020-12-02 14:15:00,123.85,123.95,123.705,123.705,62017
2020-12-02 14:00:00,123.9961,124.024,123.8144,123.86,52157
2020-12-02 13:45:00,123.96,124.1148,123.96,124.0,72541
2020-12-02 13:30:00,123.97,124.07,123.9422,123.9552,61090
2020-12-02 13:15:00,124.11,124.12,123.96,123.97,45596
2020-12-02 13:00:00,124.35,124.385,124.03,124.11,77410
2020-12-02 12:45:00,124.13,124.42,124.13,124.36,79202
2020-12-02 12:30:00,123.9,124.2,123.875,124.13,85724
2020-12-02 12:15:00,123.915,123.94,123.8,123.89,68372
2020-12-02 12:00:00,124.11,124.145,123.8322,123.91,82082
2020-12-02 11:45:00,123.85,124.25,123.79,124.11,162666
2020-12-02 11:30:00,123.54,123.8502,123.44,123.8502,104962
2020-12-02 11:15:00,123.46,123.6689,123.46,123.5346,92375
2020-12-02 11:00:00,123.3867,123.53,123.31,123.45,91320
2020-12-02 10:45:00,123.45,123.53,123.1676,123.41,118158
2020-12-02 10:30:00,123.35,123.435,123.09,123.435,106370
2020-12-02 10:15:00,123.84,123.91,123.3103,123.35,89152
2020-12-02 10:00:00,123.93,124.16,123.69,123.84,110932
2020-12-02 09:45:00,122.85,124.0525,122.41,123.96,469080
2020-12-02 09:15:00,122.97,122.97,122.97,122.97,920
2020-12-02 09:00:00,123.0,123.15,122.95,122.95,1231
2020-12-02 08:30:00,123.0,123.0,123.0,123.0,230
2020-12-02 08:15:00,123.22,123.22,123.22,123.22,292
2020-12-02 08:00:00,122.96,123.01,122.96,123.01,200
2020-12-02 07:45:00,123.2,123.2,123.0,123.0,2924
2020-12-02 07:30:00,123.45,123.45,123.27,123.45,1915
2020-12-02 07:15:00,123.33,123.47,123.33,123.47,427
2020-12-01 19:30:00,123.01,123.01,123.01,123.01,199
2020-12-01 19:15:00,123.01,123.01,123.01,123.01,100
2020-12-01 19:00:00,123.04,123.04,123.0,123.0,719
2020-12-01 18:45:00,123.02,123.09,123.02,123.09,331
2020-12-01 18:30:00,123.1,123.1,123.1,123.1,1100
2020-12-01 17:15:00,123.17,123.17,123.17,123.17,200
2020-12-01 17:00:00,123.27,123.27,123.17,123.17,1024
2020-12-01 16:45:00,123.68,123.73,123.1,123.16,21735
2020-12-01 16:15:00,123.16,123.31,123.02,123.02,145823
2020-12-01 16:00:00,123.39,123.64,123.08,123.2,410608
2020-12-01 15:45:00,123.76,123.78,123.34,123.4,136981
2020-12-01 15:30:00,123.425,123.77,123.37,123.75,101099
2020-12-01 15:15:00,123.86,123.89,123.33,123.43,208451
2020-12-01 15:00:00,123.98,124.03,123.8,123.87,81289
2020-12-01 14:45:00,123.8633,124.01,123.74,123.98,79380
2020-12-01 14:30:00,123.82,123.892,123.6973,123.8705,113190
2020-12-01 14:15:00,123.655,123.89,123.645,123.815,96496
2020-12-01 14:00:00,123.67,123.6878,123.54,123.67,84823
2020-12-01 13:45:00,123.76,123.81,123.6399,123.67,111721
2020-12-01 13:30:00,123.79,123.82,123.7,123.77,81766
2020-12-01 13:15:00,123.93,123.96,123.75,123.77,95863
2020-12-01 13:00:00,123.75,123.93,123.72,123.93,105600
2020-12-01 12:45:00,123.98,124.037,123.74,123.74,145769
2020-12-01 12:30:00,123.84,124.0599,123.7298,124.0,148458
2020-12-01 12:15:00,123.97,124.16,123.75,123.83,239521
2020-12-01 12:00:00,124.375,124.47,123.84,124.0,183355
2020-12-01 11:45:00,124.939,125.0,124.3405,124.37,269215
2020-12-01 11:30:00,124.95,125.07,124.77,124.93,161455
2020-12-01 11:15:00,124.87,125.08,124.85,124.96,122872
2020-12-01 11:00:00,125.145,125.29,124.83,124.86,153224
2020-12-01 10:45:00,125.695,125.83,125.07,125.16,156586
2020-12-01 10:30:00,125.29,125.8,125.29,125.7,242156
2020-12-01 10:15:00,124.9,125.33,124.87,125.27,170140
2020-12-01 10:00:00,124.6001,125.1,124.58,124.97,229527
2020-12-01 09:45:00,123.9,124.62,123.64,124.62,396597
2020-12-01 09:30:00,124.61,124.61,123.93,123.93,1385
2020-12-01 09:00:00,124.65,124.8357,124.65,124.8357,1091
2020-12-01 08:45:00,124.54,124.79,124.54,124.65,2084
2020-12-01 08:30:00,124.5001,124.84,124.5,124.83,1303
2020-12-01 08:15:00,124.75,124.88,124.1,124.5,4750
2020-12-01 07:45:00,124.8,124.89,124.8,124.89,1349
2020-12-01 07:30:00,124.6,124.8,124.6,124.79,1607
2020-12-01 07:15:00,124.75,124.75,124.75,124.75,220
2020-11-30 19:15:00,123.9,123.99,123.9,123.99,618
2020-11-30 19:00:00,123.6,123.6,123.6,123.6,100
2020-11-30 18:45:00,123.52,123.52,123.52,123.52,250
2020-11-30 18:30:00,123.52,123.52,123.52,123.52,133
2020-11-30 18:15:00,123.53,123.53,123.53,123.53,355
2020-11-30 17:30:00,123.52,123.52,123.49,123.50456,5032
2020-11-30 17:15:00,123.53544,123.53544,123.53544,123.53544,1692
2020-11-30 17:00:00,123.52,123.52,123.52,123.52,339
2020-11-30 16:45:00,123.71,123.71,123.71,123.71,782
2020-11-30 16:30:00,123.56,123.56,123.2,123.46,34380
2020-11-30 16:15:00,123.52,123.57,123.52,123.52,675147
2020-11-30 16:00:00,123.29,123.56,123.11,123.55,606903
2020-11-30 15:45:00,123.61,123.62,123.26,123.28,183667
2020-11-30 15:30:00,123.675,123.81,123.6,123.6,108946
2020-11-30 15:15:00,123.92,123.96,123.56,123.652,117722
2020-11-30 15:00:00,123.64,123.9554,123.53,123.918,108860
2020-11-30 14:45:00,124.05,124.06,123.6387,123.647,83179
2020-11-30 14:30:00,124.21,124.23,124.02,124.0488,68126
2020-11-30 14:15:00,124.52,124.52,124.135,124.2,130645
2020-11-30 14:00:00,124.535,124.64,124.47,124.52,89766
2020-11-30 13:45:00,124.7,124.7,124.4545,124.535,85810
2020-11-30 13:30:00,124.67,124.77,124.64,124.69,83979
2020-11-30 13:15:00,124.75,125.0,124.66,124.664,129742
2020-11-30 13:00:00,124.54,124.8,124.49,124.74,113884
2020-11-30 12:45:00,124.24,124.62,124.22,124.535,91808
2020-11-30 12:30:00,124.17,124.33,124.0111,124.2499,95686
2020-11-30 12:15:00,123.99,124.19,123.95,124.14,102444
2020-11-30 12:00:00,123.975,124.17,123.925,123.975,84033
2020-11-30 11:45:00,123.995,124.23,123.89,123.995,228790
2020-11-30 11:30:00,124.05,124.07,123.62,123.995,260157
2020-11-30 11:15:00,124.5402,124.595,124.03,124.03,151116
2020-11-30 11:00:00,123.86,124.55,123.825,124.55,207094
2020-11-30 10:45:00,123.95,124.09,123.72,123.878,229127
2020-11-30 10:30:00,123.82,124.08,123.7501,123.95,193794
2020-11-30 10:15:00,123.67,124.14,123.67,123.81,145899
2020-11-30 10:00:00,123.415,123.72,123.2,123.67,224234
2020-11-30 09:45:00,124.1,124.1,123.09,123.415,404001
2020-11-30 09:30:00,124.09,124.09,124.0,124.0,336
2020-11-30 09:00:00,124.1814,124.1814,124.1814,124.1814,300
2020-11-30 08:30:00,124.18,124.18,123.85,123.85,926
2020-11-30 08:15:00,124.01,124.01,124.01,124.01,106
2020-11-30 08:00:00,124.1,124.1,124.1,124.1,541
2020-11-30 07:45:00,124.19,124.2,124.19,124.19,300
2020-11-30 07:15:00,124.09,124.09,124.09,124.09,602
2020-11-30 06:45:00,124.02,124.02,124.0,124.0,1042
2020-11-30 06:30:00,124.05,124.05,124.05,124.05,276
2020-11-30 05:30:00,124.0,124.0,124.0,124.0,100
2020-11-27 15:45:00,124.35,124.35,124.35,124.35,0
2020-11-27 13:15:00,124.35,124.35,124.35,124.35,380596
2020-11-27 13:00:00,124.28,124.44,124.2,124.35,137896
2020-11-27 12:45:00,124.19,124.39,124.14,124.27,88175
2020-11-27 12:30:00,124.54,124.59,124.17,124.1961,75966
2020-11-27 12:15:00,124.569,124.73,124.48,124.55,91649
2020-11-27 12:00:00,124.88,124.9258,124.53,124.55,91030
2020-11-27 11:45:00,124.74,124.92,124.61,124.89,78652
2020-11-27 11:30:00,124.5056,124.77,124.48,124.73,76242
2020-11-27 11:15:00,124.8,124.81,124.46,124.53,93175
2020-11-27 11:00:00,124.72,124.99,124.715,124.81,82598
2020-11-27 10:45:00,124.57,124.77,124.46,124.74,85991
2020-11-27 10:30:00,124.6,124.665,124.31,124.56,119831
2020-11-27 10:15:00,124.65,124.8499,124.41,124.63,110228
2020-11-27 10:00:00,125.26,125.27,124.47,124.64,135809
2020-11-27 09:45:00,124.2,125.313,123.91,125.235,441404
2020-11-27 09:30:00,124.33,124.33,124.28,124.28,200
2020-11-27 09:15:00,124.38,124.38,124.3,124.3,656
2020-11-27 09:00:00,124.41,124.41,124.41,124.41,147
2020-11-27 08:45:00,124.4,124.5,124.4,124.43,2701
2020-11-27 08:30:00,124.4,124.4,124.4,124.4,101
2020-11-27 08:15:00,124.2297,124.45,124.2297,124.4,539
2020-11-27 08:00:00,124.4,124.4,124.4,124.4,338
2020-11-27 07:45:00,124.2,124.3,124.11,124.3,5317
2020-11-27 07:15:00,124.21,124.26,124.21,124.21,621
2020-11-27 04:45:00,124.1,124.1,124.1,124.1,218
2020-11-25 16:45:00,124.2502,124.2502,124.2,124.2,983
2020-11-25 16:15:00,124.2,124.2124,124.2,124.2124,89241
2020-11-25 16:00:00,124.1,124.33,124.08,124.21,388302
2020-11-25 15:45:00,124.16,124.18,123.91,124.1,186898
2020-11-25 15:30:00,124.11,124.23,124.06,124.16,115275
2020-11-25 15:15:00,123.89,124.11,123.87,124.11,107683
2020-11-25 15:00:00,123.87,123.972,123.87,123.89,204253
2020-11-25 14:45:00,123.98,124.0372,123.853,123.88,74036
2020-11-25 14:30:00,123.9,124.04,123.875,123.98,77240
2020-11-25 14:15:00,124.02,124.035,123.84,123.9,92300
2020-11-25 14:00:00,123.91,124.05,123.9,124.03,52048
2020-11-25 13:45:00,123.9,124.005,123.88,123.92,63968
2020-11-25 13:30:00,123.67,123.94,123.67,123.91,84799
2020-11-25 13:15:00,123.78,123.85,123.68,123.68,48282
2020-11-25 13:00:00,123.7015,123.79,123.66,123.79,77488
2020-11-25 12:45:00,123.495,123.73,123.49,123.7,66204
2020-11-25 12:30:00,123.622,123.622,123.47,123.49,84263
2020-11-25 12:15:00,123.685,123.765,123.57,123.63,65934
2020-11-25 12:00:00,123.4,123.71,123.4,123.69,66006
2020-11-25 11:45:00,123.6,123.65,123.35,123.41,130235
2020-11-25 11:30:00,123.4856,123.67,123.4,123.61,113187
2020-11-25 11:15:00,123.44,123.58,123.27,123.484,169877
2020-11-25 11:00:00,123.605,123.61,123.43,123.45,96558
2020-11-25 10:45:00,124.02,124.02,123.5033,123.6,159716
2020-11-25 10:30:00,123.43,124.05,123.41,124.0001,211845
2020-11-25 10:15:00,122.67,123.48,122.44,123.44,186410
2020-11-25 10:00:00,122.73,123.11,122.47,122.73,277368
2020-11-25 09:45:00,122.93,122.99,122.11,122.72,562861
2020-11-25 09:30:00,123.98,124.0,122.34,122.34,17321
2020-11-25 09:15:00,123.87,123.87,123.85,123.85,1648
2020-11-25 08:45:00,124.0,124.0,123.85,123.85,1384
2020-11-25 08:30:00,124.0001,124.0001,123.85,124.0,1603
2020-11-25 08:15:00,123.8201,124.2,123.82,124.0,2118
2020-11-25 07:45:00,124.0,124.0,124.0,124.0,510
2020-11-25 07:15:00,124.2,124.2,124.1,124.1,250
2020-11-25 07:00:00,124.35,124.35,124.2,124.2,1218
2020-11-24 20:00:00,124.65,124.65,124.65,124.65,100
2020-11-24 19:00:00,124.5,124.54,124.5,124.54,5427
2020-11-24 17:00:00,124.5,124.5,124.5,124.5,500
2020-11-24 16:45:00,124.24,124.5,124.24,124.5,1477
2020-11-24 16:30:00,124.26,124.26,124.26,124.26,275
2020-11-24 16:15:00,124.42,124.42,124.24,124.24,196522
2020-11-24 16:00:00,124.02,124.48,124.015,124.46,635307
2020-11-24 15:45:00,124.3,124.41,124.015,124.015,261975
2020-11-24 15:30:00,124.33,124.42,124.2,124.3006,159458
2020-11-24 15:15:00,124.35,124.38,124.185,124.33,162953
2020-11-24 15:00:00,124.18,124.41,124.03,124.36,143822
2020-11-24 14:45:00,123.86,124.22,123.784,124.1805,208867
2020-11-24 14:30:00,124.25,124.27,123.85,123.86,147941
2020-11-24 14:15:00,124.27,124.53,124.18,124.26,138595
2020-11-24 14:00:00,124.53,124.59,124.25,124.2501,125397
2020-11-24 13:45:00,124.25,124.73,124.2417,124.51,175146
2020-11-24 13:30:00,124.53,124.6216,124.16,124.25,270226
2020-11-24 13:15:00,124.4,124.55,124.4,124.54,154256
2020-11-24 13:00:00,124.27,124.45,124.25,124.419,231353
2020-11-24 12:45:00,123.89,124.3,123.875,124.285,203225
2020-11-24 12:30:00,123.9,124.08,123.8,123.8801,195401
2020-11-24 12:15:00,123.91,124.055,123.75,123.91,231429
2020-11-24 12:00:00,123.81,124.1487,123.8,123.9,326942
2020-11-24 11:45:00,123.99,123.99,123.58,123.82,209535
2020-11-24 11:30:00,122.89,124.04,122.89,123.98,396519
2020-11-24 11:15:00,122.66,123.02,122.66,122.8941,206917
2020-11-24 11:00:00,123.15,123.26,122.61,122.65,206809
2020-11-24 10:45:00,122.72,123.26,122.645,123.13,375957
2020-11-24 10:30:00,122.54,122.8,122.3638,122.73,278259
2020-11-24 10:15:00,121.85,122.55,121.785,122.55,304385
2020-11-24 10:00:00,121.425,121.98,121.31,121.86,215402
2020-11-24 09:45:00,120.86,122.12,120.805,121.47,501504
2020-11-24 09:30:00,120.09,120.93,120.09,120.85,8561
2020-11-24 09:15:00,120.86,120.95,120.86,120.95,469
2020-11-24 09:00:00,120.75,120.9988,120.75,120.9899,8020
2020-11-24 08:45:00,120.8,120.8,120.8,120.8,335
2020-11-24 08:15:00,120.8,121.0,120.56,120.9919,7945
2020-11-24 08:00:00,120.81,120.81,120.8,120.8,1890
2020-11-24 07:30:00,121.05,121.05,121.0,121.0,7421
2020-11-24 07:15:00,121.16,121.16,121.16,121.16,131
2020-11-24 06:00:00,121.1,121.1,121.1,121.1,754
2020-11-24 05:30:00,121.43,121.43,121.43,121.43,105
2020-11-24 05:00:00,120.6,120.6,120.6,120.6,685
2020-11-24 04:45:00,121.01,121.01,121.01,121.01,112
2020-11-24 04:15:00,120.46,120.46,120.46,120.46,334
2020-11-23 19:45:00,120.44,120.44,120.44,120.44,655
2020-11-23 19:00:00,120.4,120.4,120.39,120.4,605
2020-11-23 18:45:00,120.36,120.39,120.35,120.39,1003
2020-11-23 18:30:00,120.28,120.35,120.28,120.35,1350
2020-11-23 18:15:00,120.2,120.2,120.2,120.2,218
2020-11-23 17:45:00,120.3,120.3,120.3,120.3,402
2020-11-23 17:00:00,120.09,120.33,120.09,120.33,877
2020-11-23 16:45:00,120.0,120.09,120.0,120.09,1189
2020-11-23 16:30:00,120.0,120.0,120.0,120.0,279
2020-11-23 16:15:00,120.09,120.09,120.078,120.078,96089
2020-11-23 16:00:00,120.04,120.325,119.98,120.09,507625
2020-11-23 15:45:00,120.225,120.225,119.9,120.026,245672
2020-11-23 15:30:00,120.48,120.48,120.17,120.23,214150
2020-11-23 15:15:00,120.1,120.515,120.05,120.49,290925
2020-11-23 15:00:00,119.618,120.13,119.58,120.1,195921
2020-11-23 14:45:00,119.7,119.83,119.61,119.61,143050
2020-11-23 14:30:00,119.725,119.77,119.59,119.71,147773
2020-11-23 14:15:00,120.25,120.25,119.67,119.7259,186222
2020-11-23 14:00:00,119.785,120.24,119.76,120.24,257034
2020-11-23 13:45:00,119.79,119.8828,119.74,119.78,117882
2020-11-23 13:30:00,119.85,119.88,119.71,119.78,98327
2020-11-23 13:15:00,119.82,119.92,119.8,119.8354,100986
2020-11-23 13:00:00,119.64,119.84,119.62,119.83,158574
2020-11-23 12:45:00,119.3,119.65,119.2,119.64,139399
2020-11-23 12:30:00,119.08,119.37,119.07,119.29,129236
2020-11-23 12:15:00,118.86,119.12,118.71,119.08,127844
2020-11-23 12:00:00,118.54,118.89,118.5,118.84,109753
2020-11-23 11:45:00,118.56,118.635,118.09,118.56,221924
2020-11-23 11:30:00,118.325,118.66,118.26,118.58,101161
2020-11-23 11:15:00,118.84,118.86,118.32,118.32,134391
2020-11-23 11:00:00,118.69,118.95,118.62,118.84,133030
2020-11-23 10:45:00,118.6,118.85,118.56,118.69,115467
2020-11-23 10:30:00,118.95,119.125,118.6001,118.65,175640
2020-11-23 10:15:00,118.86,119.17,118.69,118.95,209679
2020-11-23 10:00:00,118.09,118.97,118.08,118.8502,239817
2020-11-23 09:45:00,117.43,118.24,117.27,118.0793,344809
2020-11-23 09:30:00,117.53,117.8,117.53,117.79,795
2020-11-23 09:00:00,117.77,117.77,117.6,117.6,1066
2020-11-23 08:45:00,117.72,117.72,117.72,117.72,789
2020-11-23 08:15:00,117.7999,117.9,117.7999,117.9,1041
2020-11-23 08:00:00,117.85,117.85,117.8,117.8,487
2020-11-23 07:30:00,117.79,117.8,117.79,117.8,508
2020-11-23 07:15:00,117.8,117.8,117.7,117.78,2464
2020-11-23 06:00:00,118.02,118.02,118.0,118.0,698
2020-11-23 05:30:00,118.27,118.27,118.27,118.27,500
2020-11-23 04:45:00,118.28,118.3,118.28,118.3,398
2020-11-23 04:30:00,118.3,118.3,118.3,118.3,500
2020-11-20 18:45:00,116.8,116.8,116.8,116.8,117
2020-11-20 16:30:00,116.94,116.94,116.94,116.94,200
2020-11-20 16:15:00,116.94,116.9517,116.85,116.85,367743
2020-11-20 16:00:00,117.17,117.42,116.75,116.93,584041
2020-11-20 15:45:00,117.025,117.195,116.97,117.18,193219
2020-11-20 15:30:00,117.0379,117.1864,116.8865,117.04,165138
2020-11-20 15:15:00,117.31,117.355,116.97,117.04,125894
2020-11-20 15:00:00,117.37,117.42,117.2501,117.3067,97864
2020-11-20 14:45:00,117.395,117.6301,117.3401,117.37,121525
2020-11-20 14:30:00,117.31,117.42,117.28,117.4,128095
2020-11-20 14:15:00,117.44,117.44,117.28,117.3,129585
2020-11-20 14:00:00,117.26,117.46,117.22,117.43,119423
2020-11-20 13:45:00,117.21,117.3051,117.17,117.27,85309
2020-11-20 13:30:00,117.23,117.285,117.115,117.2188,79155
2020-11-20 13:15:00,117.28,117.42,117.1101,117.2,98368
2020-11-20 13:00:00,117.225,117.325,117.07,117.3,65527
2020-11-20 12:45:00,117.15,117.28,117.075,117.225,102269
2020-11-20 12:30:00,117.135,117.1368,117.0,117.1368,97906
2020-11-20 12:15:00,117.06,117.2,116.94,117.13,104877
2020-11-20 12:00:00,117.15,117.17,116.79,117.06,122476
2020-11-20 11:45:00,117.01,117.25,116.97,117.1461,100534
2020-11-20 11:30:00,116.9,117.07,116.79,116.9978,112601
2020-11-20 11:15:00,116.81,117.05,116.79,116.93,116793
2020-11-20 11:00:00,116.88,116.97,116.69,116.8078,120634
2020-11-20 10:45:00,117.295,117.365,116.85,116.895,127516
2020-11-20 10:30:00,117.32,117.355,116.78,117.295,157956
2020-11-20 10:15:00,117.8,118.04,117.3001,117.32,115459
2020-11-20 10:00:00,117.74,118.015,117.403,117.83,172840
2020-11-20 09:45:00,117.6,117.74,117.005,117.74,411236
2020-11-20 09:30:00,117.4,117.64,117.4,117.64,1799
2020-11-20 09:15:00,117.4352,117.4352,117.13,117.25,571
2020-11-20 09:00:00,117.1,117.1,117.1,117.1,502
2020-11-20 08:45:00,117.0,117.02,116.4,117.02,835
2020-11-20 08:15:00,117.1175,117.18,117.1175,117.18,563
2020-11-19 19:30:00,116.47,116.47,116.47,116.47,1000
2020-11-19 18:45:00,116.45,116.45,116.45,116.45,119
2020-11-19 18:30:00,116.3,116.3,116.3,116.3,210
2020-11-19 18:15:00,116.43,116.43,116.28,116.28,568
2020-11-19 17:30:00,117.18,117.18,117.18,117.18,1464
2020-11-19 17:00:00,117.01,117.01,117.0,117.0,1470
2020-11-19 16:45:00,117.41,117.41,117.03,117.03,693
2020-11-19 16:30:00,117.04,117.04,117.04,117.04,161
2020-11-19 16:15:00,117.18,117.18,117.1683,117.18,84755
2020-11-19 16:00:00,117.29,117.31,117.05,117.2,292870
2020-11-19 15:45:00,117.3,117.45,117.15,117.29,136655
2020-11-19 15:30:00,117.36,117.39,117.1695,117.28,123450
2020-11-19 15:15:00,117.265,117.44,117.12,117.35,133430
2020-11-19 15:00:00,117.39,117.43,117.16,117.25,75930
2020-11-19 14:45:00,116.87,117.42,116.86,117.39,105683
2020-11-19 14:30:00,116.8465,116.91,116.78,116.87,81471
2020-11-19 14:15:00,116.805,116.95,116.75,116.86,78830
2020-11-19 14:00:00,116.81,116.99,116.76,116.8,92859
2020-11-19 13:45:00,117.0,117.04,116.76,116.8,44784
2020-11-19 13:30:00,116.83,117.2,116.81,117.01,63283
2020-11-19 13:15:00,116.615,116.8766,116.615,116.83,71603
2020-11-19 13:00:00,116.72,116.75,116.5355,116.6215,45444
2020-11-19 12:45:00,116.81,117.0,116.67,116.72,90146
2020-11-19 12:30:00,116.69,116.83,116.57,116.8124,109212
2020-11-19 12:15:00,116.45,116.715,116.3198,116.69,97384
2020-11-19 12:00:00,116.5,116.6,116.31,116.46,88258
2020-11-19 11:45:00,116.75,116.8051,116.2875,116.5,78544
2020-11-19 11:30:00,116.56,116.93,116.54,116.75,77919
2020-11-19 11:15:00,116.8937,116.91,116.53,116.5497,83566
2020-11-19 11:00:00,117.0,117.2,116.86,116.8981,79743
2020-11-19 10:45:00,116.58,116.99,116.57,116.978,111029
2020-11-19 10:30:00,116.9037,117.09,116.48,116.55,136163
2020-11-19 10:15:00,116.98,117.2,116.8,116.91,200223
2020-11-19 10:00:00,116.81,117.4,116.8,116.9987,154497
2020-11-19 09:45:00,116.54,116.786,115.89,116.785,363699
2020-11-19 09:30:00,116.75,116.75,116.66,116.7,2034
2020-11-19 09:15:00,116.55,116.55,116.55,116.55,211
2020-11-19 09:00:00,116.55,116.56,116.5,116.56,608
2020-11-19 08:45:00,116.56,116.56,116.55,116.55,723
2020-11-19 08:30:00,116.5601,116.5601,116.5601,116.5601,435
2020-11-19 08:15:00,116.7,116.8,116.5,116.5,977
2020-11-19 08:00:00,116.6,116.6,116.6,116.6,456
2020-11-19 07:30:00,116.6,116.6,116.6,116.6,807
2020-11-19 07:15:00,116.16,116.53,116.16,116.5,1359
2020-11-19 06:45:00,116.0,116.3,116.0,116.3,1100
2020-11-19 05:45:00,115.82,115.82,115.8,115.8,290
2020-11-18 20:00:00,116.79,116.79,116.77,116.77,240
2020-11-18 19:30:00,116.77,116.77,116.77,116.77,101
2020-11-18 19:15:00,116.8,116.8,116.8,116.8,1009
2020-11-18 17:45:00,116.78,116.78,116.7,116.7,491
2020-11-18 17:30:00,116.78,116.78,116.78,116.78,1119
2020-11-18 17:15:00,116.7798,116.7798,116.7798,116.7798,110
2020-11-18 17:00:00,116.7798,116.78,116.58,116.78,1510
2020-11-18 16:45:00,116.7722,116.7798,116.7722,116.7798,1039
2020-11-18 16:30:00,116.76,116.7817,116.75,116.75,1640
2020-11-18 16:15:00,116.77,117.15,116.63,116.77,125013
2020-11-18 16:00:00,116.97,117.29,116.75,116.75,337825
2020-11-18 15:45:00,117.42,117.52,116.9703,116.9703,320627
2020-11-18 15:30:00,117.87,117.925,117.41,117.43,186109
2020-11-18 15:15:00,117.98,118.0,117.61,117.86,108630
2020-11-18 15:00:00,118.05,118.18,117.94,117.99,70053
2020-11-18 14:45:00,117.94,118.07,117.825,118.05,101167
2020-11-18 14:30:00,118.115,118.16,117.84,117.931,98882
2020-11-18 14:15:00,118.15,118.2212,118.07,118.0853,66432
2020-11-18 14:00:00,118.28,118.3249,118.01,118.1648,66725
2020-11-18 13:45:00,118.16,118.385,118.12,118.28,62583
2020-11-18 13:30:00,118.335,118.42,118.16,118.1733,63960
2020-11-18 13:15:00,118.28,118.415,118.2387,118.38,54385
2020-11-18 13:00:00,118.67,118.67,118.25,118.3,76717
2020-11-18 12:45:00,118.45,118.73,118.2838,118.669,177953
2020-11-18 12:30:00,118.63,118.63,118.38,118.46,86719
2020-11-18 12:15:00,118.67,118.7,118.51,118.63,128657
2020-11-18 12:00:00,118.4672,118.7,118.41,118.6799,79132
2020-11-18 11:45:00,118.5,118.56,118.32,118.4373,73928
2020-11-18 11:30:00,118.8114,118.84,118.46,118.51,87469
2020-11-18 11:15:00,118.61,118.88,118.61,118.82,95366
2020-11-18 11:00:00,118.54,118.7,118.28,118.6,117587
2020-11-18 10:45:00,118.48,118.84,118.48,118.54,153394
2020-11-18 10:30:00,118.47,118.58,118.22,118.47,127050
2020-11-18 10:15:00,118.13,118.58,118.115,118.49,140143
2020-11-18 10:00:00,118.19,118.44,117.9992,118.125,162360
2020-11-18 09:45:00,117.72,118.23,117.23,118.1631,422376
2020-11-18 09:30:00,117.88,118.15,117.71,117.71,2466
2020-11-18 09:15:00,118.248,118.25,117.82,117.82,3087
2020-11-18 09:00:00,118.02,118.02,117.88,117.88,2568
2020-11-18 08:45:00,118.1,118.1062,118.0,118.0,2277
2020-11-18 08:30:00,118.4232,118.4232,118.15,118.35,356
2020-11-18 08:15:00,118.51,118.52,118.15,118.15,2885
2020-11-18 07:45:00,118.35,118.4,118.35,118.4,658
2020-11-18 07:30:00,118.25,118.25,118.25,118.25,102
2020-11-18 07:00:00,118.3,118.3,118.3,118.3,100
2020-11-18 04:15:00,118.15,118.15,118.15,118.15,100
2020-11-17 20:00:00,117.64,117.64,117.64,117.64,590
2020-11-17 19:15:00,117.95,117.95,117.7,117.7,1224
2020-11-17 19:00:00,118.0,118.04,118.0,118.04,400
2020-11-17 18:45:00,117.76,118.0,117.76,117.92,2410
2020-11-17 18:15:00,117.59,117.59,117.57,117.57,300
2020-11-17 18:00:00,117.98,117.98,117.98,117.98,150
2020-11-17 16:30:00,117.7117,117.81,117.7117,117.81,2677
2020-11-17 16:15:00,117.7,117.9,117.7,117.9,136014
2020-11-17 16:00:00,117.57,117.81,117.37,117.7,340231
2020-11-17 15:45:00,117.69,117.69,117.49,117.57,212061
2020-11-17 15:30:00,118.02,118.08,117.68,117.69,163950
2020-11-17 15:15:00,118.26,118.265,117.98,118.01,125490
2020-11-17 15:00:00,118.18,118.26,118.1022,118.255,89622
2020-11-17 14:45:00,118.33,118.379,118.18,118.1874,103720
2020-11-17 14:30:00,118.3658,118.53,118.29,118.34,99301
2020-11-17 14:15:00,118.08,118.43,118.06,118.36,75058
2020-11-17 14:00:00,118.098,118.15,117.97,118.08,121662
2020-11-17 13:45:00,118.02,118.175,117.98,118.11,86390
2020-11-17 13:30:00,118.1685,118.22,117.9602,118.02,85319
2020-11-17 13:15:00,118.1966,118.28,118.15,118.17,46154
2020-11-17 13:00:00,118.3,118.39,118.16,118.2,78887
2020-11-17 12:45:00,118.285,118.44,118.22,118.31,66487
2020-11-17 12:30:00,118.47,118.53,118.17,118.29,96618
2020-11-17 12:15:00,118.265,118.5,118.125,118.47,73851
2020-11-17 12:00:00,118.475,118.51,118.139,118.25,101033
2020-11-17 11:45:00,118.26,118.54,118.2046,118.47,166653
2020-11-17 11:30:00,117.87,118.35,117.82,118.25,242504
2020-11-17 11:15:00,117.55,117.89,117.4861,117.8666,101411
2020-11-17 11:00:00,117.49,117.6999,117.41,117.55,106595
2020-11-17 10:45:00,117.56,117.75,117.445,117.5,92979
2020-11-17 10:30:00,117.275,117.6827,117.14,117.56,172341
2020-11-17 10:15:00,117.1501,117.43,117.0701,117.29,107733
2020-11-17 10:00:00,117.33,117.55,117.07,117.15,136732
2020-11-17 09:45:00,117.6,117.855,117.28,117.29,369887
2020-11-17 09:30:00,117.46,117.46,117.45,117.45,321
2020-11-17 09:15:00,117.61,117.61,117.5,117.5,4916
2020-11-17 09:00:00,117.6,117.6,117.56,117.56,472
2020-11-17 08:45:00,117.68,117.68,117.67,117.68,436
2020-11-17 08:15:00,118.0016,118.0016,117.5108,117.7471,812
2020-11-17 07:45:00,117.58,117.58,117.58,117.58,105
2020-11-17 07:30:00,118.0,118.0,118.0,118.0,200
2020-11-17 07:15:00,118.0,118.0,118.0,118.0,298
2020-11-17 06:00:00,118.3,118.3,118.3,118.3,613
2020-11-17 05:00:00,118.34,118.6,118.34,118.6,604
2020-11-17 04:30:00,118.66,118.66,118.66,118.66,758
2020-11-16 18:30:00,118.3,118.31,118.3,118.31,508
2020-11-16 18:15:00,118.31,118.31,118.31,118.31,129
2020-11-16 18:00:00,118.3,118.3,118.3,118.3,376
2020-11-16 17:15:00,118.36,118.36,118.36,118.36,1119
2020-11-16 17:00:00,118.02,118.36,118.02,118.36,801
2020-11-16 16:45:00,118.34,118.34,118.34,118.34,1375
2020-11-16 16:30:00,118.11,118.3718,118.1,118.3718,7624
2020-11-16 16:15:00,118.36,118.55,118.3,118.3,264477
2020-11-16 16:00:00,118.23,118.46,118.06,118.42,477918
2020-11-16 15:45:00,118.1,118.27,118.0557,118.2341,181873
2020-11-16 15:30:00,118.04,118.174,117.94,118.11,104607
2020-11-16 15:15:00,118.229,118.23,117.87,118.01,117886
2020-11-16 15:00:00,118.0565,118.23,118.015,118.2112,122651
2020-11-16 14:45:00,118.17,118.24,118.02,118.07,104912
2020-11-16 14:30:00,118.0755,118.16,118.009,118.1559,91377
2020-11-16 14:15:00,117.89,118.08,117.81,118.06,90390
2020-11-16 14:00:00,117.81,117.9478,117.63,117.91,100064
2020-11-16 13:45:00,117.65,117.91,117.63,117.805,115501
2020-11-16 13:30:00,118.015,118.03,117.6002,117.64,185471
2020-11-16 13:15:00,118.1078,118.135,117.96,118.01,76384
2020-11-16 13:00:00,118.16,118.25,118.04,118.11,93255
2020-11-16 12:45:00,118.1503,118.2278,118.03,118.15,97247
2020-11-16 12:30:00,118.175,118.22,118.09,118.14,79627
2020-11-16 12:15:00,118.19,118.32,118.1,118.19,119122
2020-11-16 12:00:00,118.42,118.45,118.07,118.1944,141195
2020-11-16 11:45:00,118.14,118.47,118.04,118.42,165507
2020-11-16 11:30:00,118.0916,118.38,118.035,118.1519,126887
2020-11-16 11:15:00,118.28,118.3036,117.95,118.0949,125387
2020-11-16 11:00:00,118.4801,118.55,118.2068,118.28,146111
2020-11-16 10:45:00,118.15,118.54,118.03,118.51,175037
2020-11-16 10:30:00,118.23,118.47,118.05,118.15,193378
2020-11-16 10:15:00,117.64,118.28,117.515,118.201,183965
2020-11-16 10:00:00,117.58,117.67,117.12,117.6271,238247
2020-11-16 09:45:00,118.3,118.53,117.47,117.61,674709
2020-11-16 09:30:00,118.2499,118.3,118.1,118.3,24759
2020-11-16 09:15:00,118.25,118.3,118.1,118.22,2410
2020-11-16 09:00:00,118.1,118.2978,118.1,118.2978,2509
2020-11-16 08:45:00,118.19,118.23,118.1002,118.22,3725
2020-11-16 08:30:00,118.23,118.23,118.19,118.23,962
2020-11-16 08:15:00,118.2,118.3885,116.99,118.29,3842
2020-11-16 08:00:00,118.35,118.35,118.35,118.35,327
2020-11-16 07:45:00,118.2,118.39,118.15,118.15,1034
2020-11-16 07:30:00,118.25,118.25,118.1,118.1,519
2020-11-16 07:15:00,118.0,118.48,118.0,118.48,1628
2020-11-16 07:00:00,118.23,118.23,118.23,118.23,822
